epoch,activation_1_loss,activation_2_loss,activation_3_loss,activation_4_loss,dense_2_loss,depth_pw_1_loss,depth_pw_2_loss,depth_pw_3_loss,depth_pw_4_loss,loss
0,0.0031647228,0.0033514511,0.0066127013,0.003473479,0.52450424,12.653968,11.442056,11.031191,11.176133,11.601399433612823
1,0.0016528787,0.0015952386,0.00153305,0.0014384437,0.49872878,11.642601,9.198966,8.861516,8.556403,9.582002063274384
2,0.0015106238,0.0013618463,0.0013803554,0.0012826213,0.50578314,10.757301,9.454438,8.92711,8.561397,9.441855286598205
3,0.0014760334,0.0015799953,0.0015102677,0.0013855414,0.50419927,11.13417,9.327013,8.762921,8.465298,9.439418760776519
4,0.0014936194,0.0013793331,0.0013390327,0.001266548,0.4949491,10.676864,8.979285,8.424195,8.192976,9.084809980869293
5,0.0013795992,0.0014434545,0.001459379,0.0013997375,0.5035577,10.194038,9.1712,8.490653,8.258601,9.0454732298851
6,0.0016017744,0.0016716039,0.0017546522,0.0017361573,0.49957138,10.014226,9.158827,8.52517,8.296219,9.016178616523742
