epoch,activation_1_loss,activation_2_loss,activation_3_loss,activation_4_loss,dense_2_loss,depth_pw_1_loss,depth_pw_2_loss,depth_pw_3_loss,depth_pw_4_loss,loss
0,0.0023587688,0.002565267,0.0043660235,0.00265753,0.6704352,11.915215,10.766929,10.413994,11.145758,12.075090003490448
1,0.0012936656,0.0012731245,0.0013113433,0.0013558065,0.6756362,9.993681,9.06501,8.6630945,8.386931,10.044557495117187
2,0.0015220114,0.0012661207,0.0013232898,0.0012963476,0.6754148,10.1401825,9.09831,8.667041,8.402958,10.094302134990691
3,0.001745808,0.0016486729,0.0017490335,0.00165986,0.6755899,9.771483,8.829151,8.449874,8.176556,9.825249086380005
