epoch,activation_1_loss,activation_2_loss,activation_3_loss,activation_4_loss,dense_1_loss,depth_pw_1_loss,depth_pw_2_loss,depth_pw_3_loss,depth_pw_4_loss,loss
0,0.0021580483,0.0020806398,0.002777131,0.002937625,0.7909664,12.352388,11.248843,10.755956,11.012304,11.349840194225312
1,0.0017216417,0.0017090598,0.0018755306,0.001814249,0.7788781,10.447465,9.373915,8.933979,8.615436,9.348038015842437
2,0.0015450921,0.001486269,0.0016239716,0.0014563868,0.780681,10.26212,9.385576,8.818238,8.491173,9.24385962820053
3,0.001362827,0.0014202124,0.0014616433,0.0013916689,0.77908534,10.09547,9.430777,8.665023,8.374453,9.14565724658966
4,0.0012831583,0.0013993293,0.001435682,0.0013601347,0.79091644,9.816244,9.1909275,8.437507,8.19953,8.915159090518952
5,0.0013599705,0.0014617823,0.0015601426,0.0014621076,0.7802832,9.754029,8.881592,8.322047,8.086287,8.765371754646301
