epoch,activation_1_loss,activation_2_loss,activation_3_loss,activation_4_loss,depth_pw_1_loss,depth_pw_2_loss,depth_pw_3_loss,depth_pw_4_loss,loss
3,0.0003605899233978217,0.00038468771906111906,0.00039214442865799374,0.00039974800150795544,10.67399366760254,9.308168195724488,8.764498742580415,8.487639189243316,9.309727835655213
4,0.0005465244245672455,0.00039492690222158366,0.00038805896639551905,0.0004047342225615349,10.14697022151947,9.285208067417145,8.591482803821563,8.269183823108673,9.074511885643005
5,0.00030814519482461424,0.00039083491582207324,0.0003916353080901954,0.00038764112275014955,9.475840340137482,8.60818287563324,8.091337883472443,7.838134003162384,8.504482456207276
6,0.00048084220425340156,0.00035453172008116375,0.00037188971102838144,0.00038873314951953385,9.299081089496612,8.392081067562103,7.898822699546814,7.659846249341965,8.313654763698578
7,0.00035604429458940405,0.00036372383278669213,0.0003888468244764076,0.000390634520477379,9.137523479938507,8.329988438129424,7.822381315231323,7.5757398691177364,8.217532713890076
8,0.0005033376250945197,0.000429830972406552,0.00039250401391365203,0.00040400491589536055,9.055504611968994,8.809136913061142,7.8984367241859434,7.582846904277802,8.33777855181694
9,0.000315415339404089,0.00034048574523863737,0.00037400632503199884,0.00037835590922597644,9.756471816539765,8.710899470329284,8.07210593008995,7.770728615522384,8.578607676029206
